Company Name,NSE,NSE CODE
Reliance Industries Ltd.,RELIANCE.NS,RELIANCE
Tata Consultancy Services Ltd.,TCS.NS,TCS
HDFC Bank Ltd.,HDFCBANK.NS,HDFCBANK
Infosys Ltd.,INFY.NS,INFY
Hindustan Unilever Ltd.,HINDUNILVR.NS,HINDUNILVR
ICICI Bank Ltd.,ICICIBANK.NS,ICICIBANK
Bajaj Finance Ltd.,BAJFINANCE.NS,BAJFINANCE
State Bank Of India,SBIN.NS,SBIN
Bharti Airtel Ltd.,BHARTIARTL.NS,BHARTIARTL
Wipro Ltd.,WIPRO.NS,WIPRO
Kotak Mahindra Bank Ltd.,KOTAKBANK.NS,KOTAKBANK
HCL Technologies Ltd.,HCLTECH.NS,HCLTECH
Asian Paints Ltd.,ASIANPAINT.NS,ASIANPAINT
Avenue Supermarts Ltd.,DMART.NS,DMART
ITC Ltd.,ITC.NS,ITC
Larsen & Toubro Ltd.,LT.NS,LT
Bajaj Finserv Ltd.,BAJAJFINSV.NS,BAJAJFINSV
Maruti Suzuki India Ltd.,MARUTI.NS,MARUTI
Adani Green Energy Ltd.,ADANIGREEN.NS,ADANIGREEN
Ultratech Cement Ltd.,ULTRACEMCO.NS,ULTRACEMCO
Titan Company Ltd.,TITAN.NS,TITAN
Axis Bank Ltd.,AXISBANK.NS,AXISBANK
Sun Pharmaceutical Industries Ltd.,SUNPHARMA.NS,SUNPHARMA
Adani Enterprises Ltd.,ADANIENT.NS,ADANIENT
Adani Total Gas Ltd.,ATGL.NS,ATGL
Adani Transmission Ltd.,ADANITRANS.NS,ADANITRANS
Nestle India Ltd.,NESTLEIND.NS,NESTLEIND
Oil & Natural Gas Corporation Ltd.,ONGC.NS,ONGC
Tech Mahindra Ltd.,TECHM.NS,TECHM
Tata Motors Ltd.,TATAMOTORS.NS,TATAMOTORS
JSW Steel Ltd.,JSWSTEEL.NS,JSWSTEEL
Adani Ports and Special Economic Zone Ltd.,ADANIPORTS.NS,ADANIPORTS
Power Grid Corporation Of India Ltd.,POWERGRID.NS,POWERGRID
Tata Steel Ltd.,TATASTEEL.NS,TATASTEEL
Hindustan Zinc Ltd.,HINDZINC.NS,HINDZINC
HDFC Life Insurance Co Ltd.,HDFCLIFE.NS,HDFCLIFE
Vedanta Ltd.,VEDL.NS,VEDL
Larsen & Toubro Infotech Ltd.,LTI.NS,LTI
Pidilite Industries Ltd.,PIDILITIND.NS,PIDILITIND
NTPC Ltd.,NTPC.NS,NTPC
Divi's Laboratories Ltd.,DIVISLAB.NS,DIVISLAB
SBI Life Insurance Company Ltd.,SBILIFE.NS,SBILIFE
Grasim Industries Ltd.,GRASIM.NS,GRASIM
Indian Oil Corporation Ltd.,IOC.NS,IOC
Zomato Ltd.,ZOMATO.NS,ZOMATO
Mahindra & Mahindra Ltd.,M&M.NS,M&M
Hindalco Industries Ltd.,HINDALCO.NS,HINDALCO
FSN E-Commerce Ventures Ltd.,NYKAA.NS,NYKAA
Dabur India Ltd.,DABUR.NS,DABUR
Godrej Consumer Products Ltd.,GODREJCP.NS,GODREJCP
Shree Cement Ltd.,SHREECEM.NS,SHREECEM
DLF Ltd.,DLF.NS,DLF
Bajaj Auto Ltd.,BAJAJ-AUTO.NS,BAJAJ-AUTO
Coal India Ltd.,COALINDIA.NS,COALINDIA
Havells India Ltd.,HAVELLS.NS,HAVELLS
One97 Communications Ltd.,PAYTM.NS,PAYTM
SBI Cards And Payment Services Ltd.,SBICARD.NS,SBICARD
Siemens Ltd.,SIEMENS.NS,SIEMENS
Britannia Industries Ltd.,BRITANNIA.NS,BRITANNIA
Bharat Petroleum Corporation Ltd.,BPCL.NS,BPCL
ICICI Prudential Life Insurance Company Ltd.,ICICIPRULI.NS,ICICIPRULI
Dr. Reddy's Laboratories Ltd.,DRREDDY.NS,DRREDDY
Interglobe Aviation Ltd.,INDIGO.NS,INDIGO
Mindtree Ltd.,MINDTREE.NS,MINDTREE
Ambuja Cements Ltd.,AMBUJACEM.NS,AMBUJACEM
Cipla Ltd.,CIPLA.NS,CIPLA
Berger Paints India Ltd.,BERGEPAINT.NS,BERGEPAINT
SRF Ltd.,SRF.NS,SRF
Tata Power Company Ltd.,TATAPOWER.NS,TATAPOWER
Info Edge (India) Ltd.,NAUKRI.NS,NAUKRI
Apollo Hospitals Enterprise Ltd.,APOLLOHOSP.NS,APOLLOHOSP
Indian Railway Catering And Tourism Corporation Ltd.,IRCTC.NS,IRCTC
Motherson Sumi Systems Ltd.,MOTHERSUMI.NS,MOTHERSUMI
ICICI Lombard General Insurance Company Ltd.,ICICIGI.NS,ICICIGI
Eicher Motors Ltd.,EICHERMOT.NS,EICHERMOT
Tata Consumer Products Ltd.,TATACONSUM.NS,TATACONSUM
Indus Towers Ltd.,INDUSTOWER.NS,INDUSTOWER
IndusInd Bank Ltd.,INDUSINDBK.NS,INDUSINDBK
United Spirits Ltd.,MCDOWELL-N.NS,MCDOWELL-N
Marico Ltd.,MARICO.NS,MARICO
Gland Pharma Ltd.,GLAND.NS,GLAND
Mphasis Ltd.,MPHASIS.NS,MPHASIS
Piramal Enterprises Ltd.,PEL.NS,PEL
Muthoot Finance Ltd.,MUTHOOTFIN.NS,MUTHOOTFIN
GAIL (India) Ltd.,GAIL.NS,GAIL
Macrotech Developers Ltd.,LODHA.NS,LODHA
UPL Ltd.,UPL.NS,UPL
L&T Technology Services Ltd.,LTTS.NS,LTTS
Bajaj Holdings & Investment Ltd.,BAJAJHLDNG.NS,BAJAJHLDNG
Torrent Pharmaceuticals Ltd.,TORNTPHARM.NS,TORNTPHARM
Godrej Properties Ltd.,GODREJPROP.NS,GODREJPROP
HDFC Asset Management Company Ltd.,HDFCAMC.NS,HDFCAMC
IDBI Bank Ltd.,IDBI.NS,IDBI
JSW Energy Ltd.,JSWENERGY.NS,JSWENERGY
Bharat Electronics Ltd.,BEL.NS,BEL
Procter & Gamble Hygiene and Health Care Ltd.,PGHH.NS,PGHH
Bosch Ltd.,BOSCHLTD.NS,BOSCHLTD
Hero MotoCorp Ltd.,HEROMOTOCO.NS,HEROMOTOCO
Cadila Healthcare Ltd.,CADILAHC.NS,CADILAHC
ABB India Ltd.,ABB.NS,ABB
Jubilant FoodWorks Ltd.,JUBLFOOD.NS,JUBLFOOD
Star Health and Allied Insurance Company Ltd.,STARHEALTH.NS,STARHEALTH
PI Industries Ltd.,PIIND.NS,PIIND
Astral Ltd.,ASTRAL.NS,ASTRAL
Steel Authority Of India Ltd.,SAIL.NS,SAIL
Page Industries Ltd.,PAGEIND.NS,PAGEIND
Gujarat Gas Ltd.,GUJGASLTD.NS,GUJGASLTD
Balkrishna Industries Ltd.,BALKRISIND.NS,BALKRISIND
PB Fintech Ltd.,POLICYBZR.NS,POLICYBZR
Cholamandalam Investment and Finance Company Ltd.,CHOLAFIN.NS,CHOLAFIN
Biocon Ltd.,BIOCON.NS,BIOCON
Sona BLW Precision Forgings Ltd.,SONACOMS.NS,SONACOMS
Aurobindo Pharma Ltd.,AUROPHARMA.NS,AUROPHARMA
Bank Of Baroda,BANKBARODA.NS,BANKBARODA
Hindustan Petroleum Corporation Ltd.,HINDPETRO.NS,HINDPETRO
Alkem Laboratories Ltd.,ALKEM.NS,ALKEM
Lupin Ltd.,LUPIN.NS,LUPIN
Hindustan Aeronautics Ltd.,HAL.NS,HAL
Punjab National Bank,PNB.NS,PNB
United Breweries Ltd.,UBL.NS,UBL
Bandhan Bank Ltd.,BANDHANBNK.NS,BANDHANBNK
Abbott India Ltd.,ABBOTINDIA.NS,ABBOTINDIA
ACC Ltd.,ACC.NS,ACC
Max Healthcare Institute Ltd.,MAXHEALTH.NS,MAXHEALTH
Voltas Ltd.,VOLTAS.NS,VOLTAS
Colgate-Palmolive (India) Ltd.,COLPAL.NS,COLPAL
Vodafone Idea Ltd.,IDEA.NS,IDEA
Tata Communications Ltd.,TATACOMM.NS,TATACOMM
Jindal Steel & Power Ltd.,JINDALSTEL.NS,JINDALSTEL
Adani Power Ltd.,ADANIPOWER.NS,ADANIPOWER
Indian Overseas Bank,IOB.NS,IOB
NMDC Ltd.,NMDC.NS,NMDC
Varun Beverages Ltd.,VBL.NS,VBL
Container Corporation Of India Ltd.,CONCOR.NS,CONCOR
Trent Ltd.,TRENT.NS,TRENT
Ashok Leyland Ltd.,ASHOKLEY.NS,ASHOKLEY
Honeywell Automation India Ltd.,HONAUT.NS,HONAUT
Aarti Industries Ltd.,AARTIIND.NS,AARTIIND
Polycab India Ltd.,POLYCAB.NS,POLYCAB
Minda Industries Ltd.,MINDAIND.NS,MINDAIND
Persistent Systems Ltd.,PERSISTENT.NS,PERSISTENT
Tata Teleservices (Maharashtra) Ltd.,TTML.NS,TTML
Dalmia Bharat Ltd.,DALBHARAT.NS,DALBHARAT
Tata Elxsi Ltd.,TATAELXSI.NS,TATAELXSI
Coforge Ltd.,COFORGE.NS,COFORGE
Oracle Financial Services Software Ltd.,OFSS.NS,OFSS
Yes Bank Ltd.,YESBANK.NS,YESBANK
Tube Investments of India Ltd.,TIINDIA.NS,TIINDIA
Indraprastha Gas Ltd.,IGL.NS,IGL
Max Financial Services Ltd.,MFSL.NS,MFSL
Deepak Nitrite Ltd.,DEEPAKNTR.NS,DEEPAKNTR
Dixon Technologies (India) Ltd.,DIXON.NS,DIXON
Shriram Transport Finance Company Ltd.,SRTRANSFIN.NS,SRTRANSFIN
Bharat Forge Ltd.,BHARATFORG.NS,BHARATFORG
Petronet LNG Ltd.,PETRONET.NS,PETRONET
Power Finance Corporation Ltd.,PFC.NS,PFC
Oberoi Realty Ltd.,OBEROIRLTY.NS,OBEROIRLTY
Relaxo Footwears Ltd.,RELAXO.NS,RELAXO
NHPC Ltd.,NHPC.NS,NHPC
AU Small Finance Bank Ltd.,AUBANK.NS,AUBANK
Zee Entertainment Enterprises Ltd.,ZEEL.NS,ZEEL
Kansai Nerolac Paints Ltd.,KANSAINER.NS,KANSAINER
MRF Ltd.,MRF.NS,MRF
Union Bank Of India,UNIONBANK.NS,UNIONBANK
Indian Railway Finance Corporation Ltd.,IRFC.NS,IRFC
Dr. Lal Pathlabs Ltd.,LALPATHLAB.NS,LALPATHLAB
Glaxosmithkline Pharmaceuticals Ltd.,GLAXO.NS,GLAXO
IDFC First Bank Ltd.,IDFCFIRSTB.NS,IDFCFIRSTB
TVS Motor Company Ltd.,TVSMOTOR.NS,TVSMOTOR
Aditya Birla Capital Ltd.,ABCAPITAL.NS,ABCAPITAL
Laurus Labs Ltd.,LAURUSLABS.NS,LAURUSLABS
3M India Ltd.,3MINDIA.NS,3MINDIA
Supreme Industries Ltd.,SUPREMEIND.NS,SUPREMEIND
GMR Infrastructure Ltd.,GMRINFRA.NS,GMRINFRA
Hatsun Agro Product Ltd.,HATSUN.NS,HATSUN
Trident Ltd.,TRIDENT.NS,TRIDENT
Crompton Greaves Consumer Electricals Ltd.,CROMPTON.NS,CROMPTON
Escorts Ltd.,ESCORTS.NS,ESCORTS
Schaeffler India Ltd.,SCHAEFFLER.NS,SCHAEFFLER
Ipca Laboratories Ltd.,IPCALAB.NS,IPCALAB
Clean Science And Technology Ltd.,CLEAN.NS,CLEAN
Torrent Power Ltd.,TORNTPOWER.NS,TORNTPOWER
JK Cement Ltd.,JKCEMENT.NS,JKCEMENT
Atul Ltd.,ATUL.NS,ATUL
REC Ltd.,RECLTD.NS,RECLTD
Gujarat Fluorochemicals Ltd.,FLUOROCHEM.NS,FLUOROCHEM
Cummins India Ltd.,CUMMINSIND.NS,CUMMINSIND
CG Power and Industrial Solutions Ltd.,CGPOWER.NS,CGPOWER
ICICI Securities Ltd.,ISEC.NS,ISEC
Ruchi Soya Industries Ltd.,RUCHI.NS,RUCHI
Aditya Birla Fashion and Retail Ltd.,ABFRL.NS,ABFRL
Sundaram Finance Ltd.,SUNDARMFIN.NS,SUNDARMFIN
APL Apollo Tubes Ltd.,APLAPOLLO.NS,APLAPOLLO
Tanla Platforms Ltd.,TANLA.NS,TANLA
The Indian Hotels Company Ltd.,INDHOTEL.NS,INDHOTEL
Syngene International Ltd.,SYNGENE.NS,SYNGENE
General Insurance Corporation of India,GICRE.NS,GICRE
The Ramco Cements Ltd.,RAMCOCEM.NS,RAMCOCEM
Bata India Ltd.,BATAINDIA.NS,BATAINDIA
Emami Ltd.,EMAMILTD.NS,EMAMILTD
Tata Chemicals Ltd.,TATACHEM.NS,TATACHEM
Pfizer Ltd.,PFIZER.NS,PFIZER
K.P.R. Mill Ltd.,KPRMILL.NS,KPRMILL
Indian Energy Exchange Ltd.,IEX.NS,IEX
The New India Assurance Company Ltd.,NIACL.NS,NIACL
Endurance Technologies Ltd.,ENDURANCE.NS,ENDURANCE
Whirlpool Of India Ltd.,WHIRLPOOL.NS,WHIRLPOOL
Rajesh Exports Ltd.,RAJESHEXPO.NS,RAJESHEXPO
Coromandel International Ltd.,COROMANDEL.NS,COROMANDEL
Bayer CropScience Ltd.,BAYERCROP.NS,BAYERCROP
Godrej Industries Ltd.,GODREJIND.NS,GODREJIND
CRISIL Ltd.,CRISIL.NS,CRISIL
Nippon Life India Asset Management Ltd.,NAM-INDIA.NS,NAM-INDIA
Solar Industries India Ltd.,SOLARINDS.NS,SOLARINDS
Fortis Healthcare Ltd.,FORTIS.NS,FORTIS
Thermax Ltd.,THERMAX.NS,THERMAX
Linde India Ltd.,LINDEINDIA.NS,LINDEINDIA
Navin Fluorine International Ltd.,NAVINFLUOR.NS,NAVINFLUOR
National Standard (India) Ltd.,.NS,
Devyani International Ltd.,DEVYANI.NS,DEVYANI
Grindwell Norton Ltd.,GRINDWELL.NS,GRINDWELL
LIC Housing Finance Ltd.,LICHSGFIN.NS,LICHSGFIN
Bharat Heavy Electricals Ltd.,BHEL.NS,BHEL
Oil India Ltd.,OIL.NS,OIL
Vinati Organics Ltd.,VINATIORGA.NS,VINATIORGA
Brightcom Group Ltd.,BCG.NS,BCG
Aavas Financiers Ltd.,AAVAS.NS,AAVAS
Indiamart Intermesh Ltd.,INDIAMART.NS,INDIAMART
Ajanta Pharma Ltd.,AJANTPHARM.NS,AJANTPHARM
Kajaria Ceramics Ltd.,KAJARIACER.NS,KAJARIACER
Sun TV Network Ltd.,SUNTV.NS,SUNTV
L&T Finance Holdings Ltd.,L&TFH.NS,L&TFH
Sumitomo Chemical India Ltd.,SUMICHEM.NS,SUMICHEM
Happiest Minds Technologies Ltd.,HAPPSTMNDS.NS,HAPPSTMNDS
Prestige Estates Projects Ltd.,PRESTIGE.NS,PRESTIGE
Central Bank Of India,CENTRALBK.NS,CENTRALBK
SKF India Ltd.,SKFINDIA.NS,SKFINDIA
National Aluminium Company Ltd.,NATIONALUM.NS,NATIONALUM
Sundram Fasteners Ltd.,SUNDRMFAST.NS,SUNDRMFAST
Mahindra & Mahindra Financial Services Ltd.,M&MFIN.NS,M&MFIN
Sanofi India Ltd.,SANOFI.NS,SANOFI
The Phoenix Mills Ltd.,PHOENIXLTD.NS,PHOENIXLTD
Metropolis Healthcare Ltd.,METROPOLIS.NS,METROPOLIS
Indian Bank,INDIANB.NS,INDIANB
Carborundum Universal Ltd.,CARBORUNIV.NS,CARBORUNIV
Nuvoco Vistas Corporation Ltd.,NUVOCO.NS,NUVOCO
The Federal Bank Ltd.,FEDERALBNK.NS,FEDERALBNK
Gillette India Ltd.,GILLETTE.NS,GILLETTE
AIA Engineering Ltd.,AIAENG.NS,AIAENG
Alkyl Amines Chemicals Ltd.,ALKYLAMINE.NS,ALKYLAMINE
Gujarat State Petronet Ltd.,GSPL.NS,GSPL
Aptus Value Housing Finance India Ltd.,APTUS.NS,APTUS
Natco Pharma Ltd.,NATCOPHARM.NS,NATCOPHARM
KIOCL Ltd.,KIOCL.NS,KIOCL
Chambal Fertilisers and Chemicals Ltd.,CHAMBLFERT.NS,CHAMBLFERT
GR Infraprojects Ltd.,GRINFRA.NS,GRINFRA
KPIT Technologies Ltd.,KPITTECH.NS,KPITTECH
Wabco India Ltd.,WABCOINDIA.NS,WABCOINDIA
Radico Khaitan Ltd.,RADICO.NS,RADICO
Alembic Pharmaceuticals Ltd.,APLLTD.NS,APLLTD
Central Depository Services (India) Ltd.,CDSL.NS,CDSL
UCO Bank,UCOBANK.NS,UCOBANK
Timken India Ltd.,TIMKEN.NS,TIMKEN
Poonawalla Fincorp Ltd.,POONAWALLA.NS,POONAWALLA
Bajaj Electricals Ltd.,BAJAJELEC.NS,BAJAJELEC
Sheela Foam Ltd.,SFL.NS,SFL
Aditya Birla Sun Life AMC Ltd.,ABSLAMC.NS,ABSLAMC
Birlasoft Ltd.,BSOFT.NS,BSOFT
DCM Shriram Ltd.,DCMSHRIRAM.NS,DCMSHRIRAM
Blue Dart Express Ltd.,BLUEDART.NS,BLUEDART
Welspun India Ltd.,WELSPUNIND.NS,WELSPUNIND
Glenmark Pharmaceuticals Ltd.,GLENMARK.NS,GLENMARK
Affle (India) Ltd.,AFFLE.NS,AFFLE
Exide Industries Ltd.,EXIDEIND.NS,EXIDEIND
Manappuram Finance Ltd.,MANAPPURAM.NS,MANAPPURAM
Motilal Oswal Financial Services Ltd.,MOTILALOFS.NS,MOTILALOFS
Apollo Tyres Ltd.,APOLLOTYRE.NS,APOLLOTYRE
TTK Prestige Ltd.,TTKPRESTIG.NS,TTKPRESTIG
Century Plyboards (India) Ltd.,CENTURYPLY.NS,CENTURYPLY
Vardhman Textiles Ltd.,VTL.NS,VTL
Bank Of Maharashtra,MAHABANK.NS,MAHABANK
UTI Asset Management Company Ltd.,UTIAMC.NS,UTIAMC
Alok Industries Ltd.,ALOKINDS.NS,ALOKINDS
Computer Age Management Services Ltd.,CAMS.NS,CAMS
JB Chemicals & Pharmaceuticals Ltd.,JBCHEPHARM.NS,JBCHEPHARM
Finolex Industries Ltd.,FINPIPE.NS,FINPIPE
IIFL Wealth Management Ltd.,IIFLWAM.NS,IIFLWAM
Firstsource Solutions Ltd.,FSL.NS,FSL
Metro Brands Ltd.,METROBRAND.NS,METROBRAND
BASF India Ltd.,BASF.NS,BASF
Suven Pharmaceuticals Ltd.,SUVENPHAR.NS,SUVENPHAR
Cholamandalam Financial Holdings Ltd.,CHOLAHLDNG.NS,CHOLAHLDNG
Castrol India Ltd.,CASTROLIND.NS,CASTROLIND
Narayana Hrudayalaya Ltd.,NH.NS,NH
Hindustan Copper Ltd.,HINDCOPPER.NS,HINDCOPPER
KEC International Ltd.,KEC.NS,KEC
Medplus Health Services Ltd.,MEDPLUS.NS,MEDPLUS
Quess Corp Ltd.,QUESS.NS,QUESS
Shriram City Union Finance Ltd.,SHRIRAMCIT.NS,SHRIRAMCIT
CESC Ltd.,CESC.NS,CESC
Fine Organic Industries Ltd.,FINEORG.NS,FINEORG
SJVN Ltd.,SJVN.NS,SJVN
Sterlite Technologies Ltd.,STLTECH.NS,STLTECH
ITI Ltd.,ITI.NS,ITI
Birla Corporation Ltd.,BIRLACORPN.NS,BIRLACORPN
Redington (India) Ltd.,REDINGTON.NS,REDINGTON
Brigade Enterprises Ltd.,BRIGADE.NS,BRIGADE
Asahi India Glass Ltd.,ASAHIINDIA.NS,ASAHIINDIA
Amber Enterprises India Ltd.,AMBER.NS,AMBER
Zensar Technologies Ltd.,ZENSARTECH.NS,ZENSARTECH
Lux Industries Ltd.,LUXIND.NS,LUXIND
HFCL Ltd.,HFCL.NS,HFCL
Laxmi Organic Industries Ltd.,LXCHEM.NS,LXCHEM
Cyient Ltd.,CYIENT.NS,CYIENT
Galaxy Surfactants Ltd.,GALAXYSURF.NS,GALAXYSURF
Krishna Institute of Medical Sciences Ltd,KIMS.NS,KIMS
Route Mobile Ltd.,ROUTE.NS,ROUTE
Hitachi Energy India Ltd.,POWERINDIA.NS,POWERINDIA
Amara Raja Batteries Ltd.,AMARAJABAT.NS,AMARAJABAT
Balaji Amines Ltd.,BALAMINES.NS,BALAMINES
KEI Industries Ltd.,KEI.NS,KEI
IIFL Finance Ltd.,IIFL.NS,IIFL
Indiabulls Housing Finance Ltd.,IBULHSGFIN.NS,IBULHSGFIN
Saregama India Ltd.,SAREGAMA.NS,SAREGAMA
Century Textiles & Industries Ltd.,CENTURYTEX.NS,CENTURYTEX
Godrej Agrovet Ltd.,GODREJAGRO.NS,GODREJAGRO
City Union Bank Ltd.,CUB.NS,CUB
Eris Lifesciences Ltd.,ERIS.NS,ERIS
Jindal Stainless Ltd.,JSL.NS,JSL
Blue Star Ltd.,BLUESTARCO.NS,BLUESTARCO
Latent View Analytics Ltd.,LATENTVIEW.NS,LATENTVIEW
V-Guard Industries Ltd.,VGUARD.NS,VGUARD
Angel One Ltd.,ANGELONE.NS,ANGELONE
Network 18 Media & Investments Ltd.,NETWORK18.NS,NETWORK18
CreditAccess Grameen Ltd.,CREDITACC.NS,CREDITACC
Indigo Paints Ltd.,INDIGOPNTS.NS,INDIGOPNTS
Vaibhav Global Ltd.,VAIBHAVGBL.NS,VAIBHAVGBL
Intellect Design Arena Ltd.,INTELLECT.NS,INTELLECT
Allcargo Logistics Ltd.,ALLCARGO.NS,ALLCARGO
Lakshmi Machine Works Ltd.,LAXMIMACH.NS,LAXMIMACH
Dhani Services Ltd.,DHANI.NS,DHANI
Jubilant Pharmova Ltd.,JUBLPHARMA.NS,JUBLPHARMA
Akzo Nobel India Ltd.,AKZOINDIA.NS,AKZOINDIA
Anupam Rasayan India Ltd.,ANURAS.NS,ANURAS
IDFC Ltd.,IDFC.NS,IDFC
Sonata Software Ltd.,SONATSOFTW.NS,SONATSOFTW
Elgi Equipments Ltd.,ELGIEQUIP.NS,ELGIEQUIP
Ratnamani Metals & Tubes Ltd.,RATNAMANI.NS,RATNAMANI
Westlife Development Ltd.,WESTLIFE.NS,WESTLIFE
Chemplast Sanmar Ltd.,CHEMPLASTS.NS,CHEMPLASTS
Mastek Ltd.,MASTEK.NS,MASTEK
Capri Global Capital Ltd.,CGCL.NS,CGCL
Shyam Metalics And Energy Ltd.,SHYAMMETL.NS,SHYAMMETL
Jubilant Ingrevia Ltd.,JUBLINGREA.NS,JUBLINGREA
RBL Bank Ltd.,RBLBANK.NS,RBLBANK
BSE Ltd.,BSE.NS,BSE
Mahindra CIE Automotive Ltd.,MAHINDCIE.NS,MAHINDCIE
Aster DM Healthcare Ltd.,ASTERDM.NS,ASTERDM
Poly Medicure Ltd.,POLYMED.NS,POLYMED
CE Info Systems Ltd.,MAPMYINDIA.NS,MAPMYINDIA
Mahanagar Gas Ltd.,MGL.NS,MGL
eClerx Services Ltd.,ECLERX.NS,ECLERX
PNB Housing Finance Ltd.,PNBHOUSING.NS,PNBHOUSING
Sobha Ltd.,SOBHA.NS,SOBHA
Granules India Ltd.,GRANULES.NS,GRANULES
Procter & Gamble Health Ltd.,PGHL.NS,PGHL
Multi Commodity Exchange Of India Ltd.,MCX.NS,MCX
TCI Express Ltd.,TCIEXP.NS,TCIEXP
NLC India Ltd.,NLCINDIA.NS,NLCINDIA
Jindal Stainless (Hisar) Ltd.,JSLHISAR.NS,JSLHISAR
Suzlon Energy Ltd.,SUZLON.NS,SUZLON
KNR Constructions Ltd.,KNRCON.NS,KNRCON
Finolex Cables Ltd.,FINCABLES.NS,FINCABLES
Graphite India Ltd.,GRAPHITE.NS,GRAPHITE
Orient Electric Ltd.,ORIENTELEC.NS,ORIENTELEC
E.I.D. - Parry (India) Ltd.,EIDPARRY.NS,EIDPARRY
Housing & Urban Development Corporation Ltd.,HUDCO.NS,HUDCO
Forbes & Company Ltd.,FORBESGOK.NS,FORBESGOK
PVR Ltd.,PVR.NS,PVR
NBCC (India) Ltd.,NBCC.NS,NBCC
HLE Glascoat Ltd.,HLEGLAS.NS,HLEGLAS
The Fertilisers And Chemicals Travancore Ltd.,FACT.NS,FACT
Sundaram-Clayton Ltd.,SUNCLAYLTD.NS,SUNCLAYLTD
Borosil Renewables Ltd.,BORORENEW.NS,BORORENEW
Prince Pipes and Fittings Ltd.,PRINCEPIPE.NS,PRINCEPIPE
EIH Ltd.,EIHOTEL.NS,EIHOTEL
TV18 Broadcast Ltd.,TV18BRDCST.NS,TV18BRDCST
VIP Industries Ltd.,VIPIND.NS,VIPIND
Sapphire Foods India Ltd.,SAPPHIRE.NS,SAPPHIRE
Aegis Logistics Ltd.,AEGISCHEM.NS,AEGISCHEM
Mangalore Refinery And Petrochemicals Ltd.,MRPL.NS,MRPL
Astrazeneca Pharma India Ltd.,ASTRAZEN.NS,ASTRAZEN
Avanti Feeds Ltd.,AVANTIFEED.NS,AVANTIFEED
Can Fin Homes Ltd.,CANFINHOME.NS,CANFINHOME
Nazara Technologies Ltd.,NAZARA.NS,NAZARA
Bombay Burmah Trading Corporation Ltd.,BBTC.NS,BBTC
IRB Infrastructure Developers Ltd.,IRB.NS,IRB
Glenmark Life Sciences Ltd.,GLS.NS,GLS
Indiabulls Real Estate Ltd.,IBREALEST.NS,IBREALEST
Sunteck Realty Ltd.,SUNTECK.NS,SUNTECK
Delta Corp Ltd.,DELTACORP.NS,DELTACORP
V-Mart Retail Ltd.,VMART.NS,VMART
Rail Vikas Nigam Ltd.,RVNL.NS,RVNL
Bharat Dynamics Ltd.,BDL.NS,BDL
GMM Pfaudler Ltd.,GMMPFAUDLR.NS,GMMPFAUDLR
MTAR Technologies Ltd.,MTARTECH.NS,MTARTECH
Balrampur Chini Mills Ltd.,BALRAMCHIN.NS,BALRAMCHIN
Home First Finance Company India Ltd.,HOMEFIRST.NS,HOMEFIRST
Kalyan Jewellers India Ltd.,KALYANKJIL.NS,KALYANKJIL
Privi Speciality Chemicals Ltd.,PRIVISCL.NS,PRIVISCL
Rain Industries Ltd.,RAIN.NS,RAIN
Dilip Buildcon Ltd.,DBL.NS,DBL
Symphony Ltd.,SYMPHONY.NS,SYMPHONY
JM Financial Ltd.,JMFINANCIL.NS,JMFINANCIL
Tata Investment Corporation Ltd.,TATAINVEST.NS,TATAINVEST
Rossari Biotech Ltd.,ROSSARI.NS,ROSSARI
Hinduja Global Solutions Ltd.,HGS.NS,HGS
MMTC Ltd.,MMTC.NS,MMTC
Just Dial Ltd.,JUSTDIAL.NS,JUSTDIAL
Edelweiss Financial Services Ltd.,EDELWEISS.NS,EDELWEISS
PNC Infratech Ltd.,PNCINFRA.NS,PNCINFRA
Kama Holdings Ltd.,.NS,
Sun Pharma Advanced Research Company Ltd.,SPARC.NS,SPARC
BEML Ltd.,BEML.NS,BEML
Equitas Small Finance Bank Ltd.,EQUITASBNK.NS,EQUITASBNK
Gujarat Narmada Valley Fertilizers & Chemicals Ltd.,GNFC.NS,GNFC
JK Lakshmi Cement Ltd.,JKLAKSHMI.NS,JKLAKSHMI
Prism Johnson Ltd.,PRSMJOHNSN.NS,PRSMJOHNSN
RattanIndia Enterprises Ltd.,RTNINDIA.NS,RTNINDIA
Garware Technical Fibres Ltd.,GARFIBRES.NS,GARFIBRES
SIS Ltd.,SIS.NS,SIS
TeamLease Services Ltd.,TEAMLEASE.NS,TEAMLEASE
Shree Renuka Sugars Ltd.,RENUKA.NS,RENUKA
Olectra Greentech Ltd.,OLECTRA.NS,OLECTRA
Hikal Ltd.,HIKAL.NS,HIKAL
Supreme Petrochem Ltd.,SUPPETRO.NS,SUPPETRO
NIIT Ltd.,NIITLTD.NS,NIITLTD
EPL Ltd.,EPL.NS,EPL
Shipping Corporation Of India Ltd.,SCI.NS,SCI
Cera Sanitaryware Ltd.,CERA.NS,CERA
Caplin Point Laboratories Ltd.,CAPLIPOINT.NS,CAPLIPOINT
Rites Ltd.,RITES.NS,RITES
HEG Ltd.,HEG.NS,HEG
Sterling and Wilson Renewable Energy Ltd.,SWSOLAR.NS,SWSOLAR
Praj Industries Ltd.,PRAJIND.NS,PRAJIND
Suprajit Engineering Ltd.,SUPRAJIT.NS,SUPRAJIT
The India Cements Ltd.,INDIACEM.NS,INDIACEM
RHI Magnesita India Ltd.,RHIM.NS,RHIM
EKI Energy Services Ltd.,.NS,
Godfrey Phillips India Ltd.,GODFRYPHLP.NS,GODFRYPHLP
CCL Products (India) Ltd.,CCL.NS,CCL
Polyplex Corporation Ltd.,POLYPLEX.NS,POLYPLEX
Go Fashion (India) Ltd.,GOCOLORS.NS,GOCOLORS
Triveni Turbine Ltd.,TRITURBINE.NS,TRITURBINE
Easy Trip Planners Ltd.,EASEMYTRIP.NS,EASEMYTRIP
KRBL Ltd.,KRBL.NS,KRBL
Vijaya Diagnostic Centre Ltd.,VIJAYA.NS,VIJAYA
Tatva Chintan Pharma Chem Ltd.,TATVA.NS,TATVA
Transport Corporation Of India Ltd.,TCI.NS,TCI
Apollo Tricoat Tubes Ltd.,.NS,
Burger King India Ltd.,BURGERKING.NS,BURGERKING
Johnson Controls - Hitachi Air Conditioning India Ltd.,JCHAC.NS,JCHAC
Mazagon Dock Shipbuilders Ltd.,MAZDOCK.NS,MAZDOCK
Kalpataru Power Transmission Ltd.,KALPATPOWR.NS,KALPATPOWR
Thyrocare Technologies Ltd.,THYROCARE.NS,THYROCARE
Triveni Engineering & Industries Ltd.,TRIVENI.NS,TRIVENI
Infibeam Avenues Ltd.,INFIBEAM.NS,INFIBEAM
Greenpanel Industries Ltd.,GREENPANEL.NS,GREENPANEL
Rallis India Ltd.,RALLIS.NS,RALLIS
Barbeque-Nation Hospitality Ltd.,BARBEQUE.NS,BARBEQUE
Esab India Ltd.,ESABINDIA.NS,ESABINDIA
JBM Auto Ltd.,JBMA.NS,JBMA
Jyothy Labs Ltd.,JYOTHYLAB.NS,JYOTHYLAB
Varroc Engineering Ltd.,VARROC.NS,VARROC
Heidelberg Cement India Ltd.,HEIDELBERG.NS,HEIDELBERG
FDC Ltd.,FDC.NS,FDC
Ceat Ltd.,CEATLTD.NS,CEATLTD
TCNS Clothing Co. Ltd.,TCNSBRANDS.NS,TCNSBRANDS
Gujarat State Fertilizers & Chemicals Ltd.,GSFC.NS,GSFC
VST Industries Ltd.,VSTIND.NS,VSTIND
Mahindra Logistics Ltd.,MAHLOG.NS,MAHLOG
Indo Count Industries Ltd.,ICIL.NS,ICIL
Aarti Drugs Ltd.,AARTIDRUGS.NS,AARTIDRUGS
Tejas Networks Ltd.,TEJASNET.NS,TEJASNET
Gujarat Pipavav Port Ltd.,GPPL.NS,GPPL
La Opala RG Ltd.,LAOPALA.NS,LAOPALA
Craftsman Automation Ltd.,CRAFTSMAN.NS,CRAFTSMAN
Shilpa Medicare Ltd.,SHILPAMED.NS,SHILPAMED
Borosil Ltd.,BOROLTD.NS,BOROLTD
Welspun Corp Ltd.,WELCORP.NS,WELCORP
Gujarat Alkalies And Chemicals Ltd.,GUJALKALI.NS,GUJALKALI
IFB Industries Ltd.,IFBIND.NS,IFBIND
Jindal Poly Films Ltd.,JINDALPOLY.NS,JINDALPOLY
Reliance Power Ltd.,RPOWER.NS,RPOWER
Vakrangee Ltd.,VAKRANGEE.NS,VAKRANGEE
Deepak Fertilisers And Petrochemicals Corporation Ltd.,DEEPAKFERT.NS,DEEPAKFERT
JSW Holdings Ltd.,JSWHL.NS,JSWHL
Chalet Hotels Ltd.,CHALET.NS,CHALET
ISGEC Heavy Engineering Ltd.,ISGEC.NS,ISGEC
Tega Industries Ltd.,TEGA.NS,TEGA
Bharat Rasayan Ltd.,BHARATRAS.NS,BHARATRAS
Cochin Shipyard Ltd.,COCHINSHIP.NS,COCHINSHIP
Jindal Worldwide Ltd.,JINDWORLD.NS,JINDWORLD
Jaiprakash Power Ventures Ltd.,JPPOWER.NS,JPPOWER
PDS Multinational Fashions Ltd.,PDSMFL.NS,PDSMFL
Wockhardt Ltd.,WOCKPHARMA.NS,WOCKPHARMA
The Great Eastern Shipping Company Ltd.,GESHIP.NS,GESHIP
MOIL Ltd.,MOIL.NS,MOIL
Maharashtra Scooters Ltd.,MAHSCOOTER.NS,MAHSCOOTER
Inox Leisure Ltd.,INOXLEISUR.NS,INOXLEISUR
PCBL Ltd.,PHILIPCARB.NS,PHILIPCARB
NCC Ltd.,NCC.NS,NCC
Greenlam Industries Ltd.,GREENLAM.NS,GREENLAM
Ircon International Ltd.,IRCON.NS,IRCON
KSB Ltd.,KSB.NS,KSB
Jamna Auto Industries Ltd.,JAMNAAUTO.NS,JAMNAAUTO
Raymond Ltd.,RAYMOND.NS,RAYMOND
Nesco Ltd.,NESCO.NS,NESCO
SpiceJet Ltd.,SPICEJET.NS,SPICEJET
Religare Enterprises Ltd.,RELIGARE.NS,RELIGARE
Strides Pharma Science Ltd.,STAR.NS,STAR
Rashtriya Chemicals and Fertilizers Ltd.,RCF.NS,RCF
Indoco Remedies Ltd.,INDOCO.NS,INDOCO
Hindustan Foods Ltd.,HNDFDS.NS,HNDFDS
Sequent Scientific Ltd.,SEQUENT.NS,SEQUENT
RateGain Travel Technologies Ltd.,RATEGAIN.NS,RATEGAIN
CSB Bank Ltd.,CSBBANK.NS,CSBBANK
Newgen Software Technologies Ltd.,NEWGEN.NS,NEWGEN
Minda Corporation Ltd.,MINDACORP.NS,MINDACORP
Tata Coffee Ltd.,TATACOFFEE.NS,TATACOFFEE
Engineers India Ltd.,ENGINERSIN.NS,ENGINERSIN
Sansera Engineering Ltd.,SANSERA.NS,SANSERA
VRL Logistics Ltd.,VRLLOG.NS,VRLLOG
R Systems International Ltd.,RSYSTEMS.NS,RSYSTEMS
Sudarshan Chemical Industries Ltd.,SUDARSCHEM.NS,SUDARSCHEM
Kennametal India Ltd.,KENNAMET.NS,KENNAMET
CarTrade Tech Ltd.,CARTRADE.NS,CARTRADE
Neogen Chemicals Ltd.,NEOGEN.NS,NEOGEN
H.G. Infra Engineering Ltd.,HGINFRA.NS,HGINFRA
Hathway Cable & Datacom Ltd.,HATHWAY.NS,HATHWAY
Star Cement Ltd.,STARCEMENT.NS,STARCEMENT
Equitas Holdings Ltd.,EQUITAS.NS,EQUITAS
Data Patterns (India) Ltd.,DATAPATTNS.NS,DATAPATTNS
Mahindra Holidays & Resorts India Ltd.,MHRIL.NS,MHRIL
Nocil Ltd.,NOCIL.NS,NOCIL
Gujarat Ambuja Exports Ltd.,GAEL.NS,GAEL
Venky'S (India) Ltd.,VENKEYS.NS,VENKEYS
Railtel Corporation Of India Ltd.,RAILTEL.NS,RAILTEL
Uflex Ltd.,UFLEX.NS,UFLEX
Solara Active Pharma Sciences Ltd.,SOLARA.NS,SOLARA
Man InfraConstruction Ltd.,MANINFRA.NS,MANINFRA
Shoppers Stop Ltd.,SHOPERSTOP.NS,SHOPERSTOP
Swan Energy Ltd.,SWANENERGY.NS,SWANENERGY
Gateway Distriparks Ltd.,GDL.NS,GDL
India Pesticides Ltd.,IPL.NS,IPL
Ingersoll-Rand (India) Ltd.,INGERRAND.NS,INGERRAND
Nilkamal Ltd.,NILKAMAL.NS,NILKAMAL
Arvind Fashions Ltd.,ARVINDFASN.NS,ARVINDFASN
Advanced Enzyme Technologies Ltd.,ADVENZYMES.NS,ADVENZYMES
Dish TV India Ltd.,DISHTV.NS,DISHTV
Hemisphere Properties India Ltd.,HEMIPROP.NS,HEMIPROP
Lemon Tree Hotels Ltd.,LEMONTREE.NS,LEMONTREE
Somany Ceramics Ltd.,SOMANYCERA.NS,SOMANYCERA
Karur Vysya Bank Ltd.,KARURVYSYA.NS,KARURVYSYA
AMI Organics Ltd.,AMIORG.NS,AMIORG
MAS Financial Services Ltd.,MASFIN.NS,MASFIN
IFCI Ltd.,IFCI.NS,IFCI
GHCL Ltd.,GHCL.NS,GHCL
RattanIndia Power Ltd.,RTNPOWER.NS,RTNPOWER
JK Tyre & Industries Ltd.,JKTYRE.NS,JKTYRE
Globus Spirits Ltd.,GLOBUSSPR.NS,GLOBUSSPR
Mahindra Lifespace Developers Ltd.,MAHLIFE.NS,MAHLIFE
GRM Overseas Ltd.,.NS,
Godawari Power And Ispat Ltd.,GPIL.NS,GPIL
JK Paper Ltd.,JKPAPER.NS,JKPAPER
Raghuvir Synthetics Ltd.,.NS,
Tarsons Products Ltd.,TARSONS.NS,TARSONS
HMT Ltd.,HMT.NS,HMT
Share India Securities Ltd.,SHAREINDIA.NS,SHAREINDIA
Dhanuka Agritech Ltd.,DHANUKA.NS,DHANUKA
Sindhu Trade Links Ltd.,.NS,
HIL Ltd.,HIL.NS,HIL
Maharashtra Seamless Ltd.,MAHSEAMLES.NS,MAHSEAMLES
The Jammu & Kashmir Bank Ltd.,J&KBANK.NS,J&KBANK
Mishra Dhatu Nigam Ltd.,MIDHANI.NS,MIDHANI
Nirlon Ltd.,NIRLON.NS,NIRLON
Surya Roshni Ltd.,SURYAROSNI.NS,SURYAROSNI
Orient Cement Ltd.,ORIENTCEM.NS,ORIENTCEM
Tasty Bite Eatables Ltd.,TASTYBITE.NS,TASTYBITE
ICRA Ltd.,ICRA.NS,ICRA
GE T&D India Ltd.,GET&D.NS,GET&D
Tata Steel Long Products Ltd.,TATASTLLP.NS,TATASTLLP
Bannari Amman Sugars Ltd.,BANARISUG.NS,BANARISUG
Rupa & Company Ltd.,RUPA.NS,RUPA
Lloyds Metals & Energy Ltd.,LLOYDMETAL.NS,LLOYDMETAL
Dodla Dairy Ltd,DODLA.NS,DODLA
Puravankara Ltd.,PURVA.NS,PURVA
Fino Payments Bank Ltd.,FINOPB.NS,FINOPB
Greaves Cotton Ltd.,GREAVESCOT.NS,GREAVESCOT
Indostar Capital Finance Ltd.,INDOSTAR.NS,INDOSTAR
Jindal Saw Ltd.,JINDALSAW.NS,JINDALSAW
Ujjivan Small Finance Bank Ltd.,UJJIVANSFB.NS,UJJIVANSFB
Healthcare Global Enterprises Ltd.,HCG.NS,HCG
PTC India Ltd.,PTC.NS,PTC
Kaveri Seed Company Ltd.,KSCL.NS,KSCL
Meghmani Finechem Ltd,MFL.NS,MFL
Supriya Lifescience Ltd.,SUPRIYA.NS,SUPRIYA
Stove Kraft Ltd.,STOVEKRAFT.NS,STOVEKRAFT
Sagar Cements Ltd.,SAGCEM.NS,SAGCEM
Hawkins Cookers Ltd.,HAWKINCOOK.NS,HAWKINCOOK
Dishman Carbogen Amcis Ltd.,DCAL.NS,DCAL
Rolex Rings Ltd,ROLEXRINGS.NS,ROLEXRINGS
Ion Exchange (India) Ltd.,IONEXCHANG.NS,IONEXCHANG
Dalmia Bharat Sugar And Industries Ltd.,DALMIASUG.NS,DALMIASUG
India Tourism Development Corporation Ltd.,ITDC.NS,ITDC
Sharda Cropchem Ltd.,SHARDACROP.NS,SHARDACROP
Somany Home Innovation Ltd.,SHIL.NS,SHIL
Arvind Ltd.,ARVIND.NS,ARVIND
Ramkrishna Forgings Ltd.,RKFORGE.NS,RKFORGE
Subex Ltd.,SUBEXLTD.NS,SUBEXLTD
Apar Industries Ltd.,APARINDS.NS,APARINDS
GTPL Hathway Ltd.,GTPL.NS,GTPL
Bajaj Consumer Care Ltd.,BAJAJCON.NS,BAJAJCON
Paras Defence And Space Technologies Ltd.,PARAS.NS,PARAS
Authum Investment & Infrastructure Ltd.,.NS,
Spandana Sphoorty Financial Ltd.,SPANDANA.NS,SPANDANA
Paushak Ltd.,.NS,
Elantas Beck India Ltd.,DRBECK.NS,DRBECK
Astec Lifesciences Ltd.,ASTEC.NS,ASTEC
Responsive Industries Ltd.,RESPONIND.NS,RESPONIND
Kirloskar Pneumatic Company Ltd.,KGKHOSLA.NS,KGKHOSLA
Tinplate Company Of India Ltd.,TINPLATE.NS,TINPLATE
Kirloskar Ferrous Industries Ltd.,KIRLFER.NS,KIRLFER
Meghmani Organics Ltd.,MOL.NS,MOL
Maithan Alloys Ltd.,MAITHANALL.NS,MAITHANALL
PTC Industries Ltd.,.NS,
Valiant Organics Ltd.,VALIANTORG.NS,VALIANTORG
Sarda Energy & Minerals Ltd.,SARDAEN.NS,SARDAEN
Ashoka Buildcon Ltd.,ASHOKA.NS,ASHOKA
Paisalo Digital Ltd.,PAISALO.NS,PAISALO
Bhansali Engineering Polymers Ltd.,BEPL.NS,BEPL
IOL Chemicals And Pharmaceuticals Ltd.,IOLCP.NS,IOLCP
Alembic Ltd.,ALEMBICLTD.NS,ALEMBICLTD
Ahluwalia Contracts (India) Ltd.,AHLUCONT.NS,AHLUCONT
Usha Martin Ltd.,USHAMART.NS,USHAMART
Inox Wind Ltd.,INOXWIND.NS,INOXWIND
Seamec Ltd.,SEAMECLTD.NS,SEAMECLTD
Future Retail Ltd.,FRETAIL.NS,FRETAIL
Kirloskar Brothers Ltd.,KIRLOSBROS.NS,KIRLOSBROS
IIFL Securities Ltd.,IIFLSEC.NS,IIFLSEC
Amrutanjan Health Care Ltd.,AMRUTANJAN.NS,AMRUTANJAN
Black Box Ltd.,BBOX.NS,BBOX
Tata Metaliks Ltd.,TATAMETALI.NS,TATAMETALI
Optiemus Infracom Ltd.,OPTIEMUS.NS,OPTIEMUS
Heranba Industries Ltd.,HERANBA.NS,HERANBA
Techno Electric & Engineering Company Ltd.,TECHNOE.NS,TECHNOE
Steel Strips Wheels Ltd.,SSWL.NS,SSWL
Action Construction Equipment Ltd.,ACE.NS,ACE
Cosmo Films Ltd.,COSMOFILMS.NS,COSMOFILMS
Kirloskar Oil Engines Ltd.,KIRLOSENG.NS,KIRLOSENG
Tide Water Oil Company (India) Ltd.,TIDEWATER.NS,TIDEWATER
Indian Metals & Ferro Alloys Ltd.,IMFA.NS,IMFA
TV Today Network Ltd.,TVTODAY.NS,TVTODAY
Morepen Laboratories Ltd.,MOREPENLAB.NS,MOREPENLAB
Hindustan Construction Company Ltd.,HCC.NS,HCC
Jaiprakash Associates Ltd.,JPASSOCIAT.NS,JPASSOCIAT
Reliance Infrastructure Ltd.,RELINFRA.NS,RELINFRA
Schneider Electric Infrastructure Ltd.,SCHNEIDER.NS,SCHNEIDER
Mayur Uniquoters Ltd.,MAYURUNIQ.NS,MAYURUNIQ
National Fertilizers Ltd.,NFL.NS,NFL
Greenply Industries Ltd.,GREENPLY.NS,GREENPLY
LT Foods Ltd.,DAAWAT.NS,DAAWAT
GTL Infrastructure Ltd.,GTLINFRA.NS,GTLINFRA
DCB Bank Ltd.,DCBBANK.NS,DCBBANK
Marksans Pharma Ltd.,MARKSANS.NS,MARKSANS
Mahanagar Telephone Nigam Ltd.,MTNL.NS,MTNL
Garden Reach Shipbuilders & Engineers Ltd.,GRSE.NS,GRSE
Hindustan Oil Exploration Company Ltd.,HINDOILEXP.NS,HINDOILEXP
Bengal & Assam Company Ltd.,.NS,
Mold-Tek Packaging Ltd.,MOLDTKPAC.NS,MOLDTKPAC
India Glycols Ltd.,INDIAGLYCO.NS,INDIAGLYCO
INEOS Styrolution India Ltd.,INEOSSTYRO.NS,INEOSSTYRO
Anand Rathi Wealth Ltd.,ANANDRATHI.NS,ANANDRATHI
Dollar Industries Ltd.,DOLLAR.NS,DOLLAR
GATI Ltd.,GATI.NS,GATI
Oriental Aromatics Ltd.,OAL.NS,OAL
Thirumalai Chemicals Ltd.,TIRUMALCHM.NS,TIRUMALCHM
Jayaswal Neco Industries Ltd.,JAYNECOIND.NS,JAYNECOIND
Subros Ltd.,SUBROS.NS,SUBROS
V.S.T. Tillers Tractors Ltd.,VSTTILLERS.NS,VSTTILLERS
Sharda Motor Industries Ltd.,SHARDAMOTR.NS,SHARDAMOTR
Bombay Dyeing And Manufacturing Company Ltd.,BOMDYEING.NS,BOMDYEING
MSTC Ltd.,MSTCLTD.NS,MSTCLTD
Gufic Biosciences Ltd.,GUFICBIO.NS,GUFICBIO
Everest Kanto Cylinder Ltd.,EKC.NS,EKC
Agro Tech Foods Ltd.,ATFL.NS,ATFL
Tips Industries Ltd.,TIPSINDLTD.NS,TIPSINDLTD
Sandur Manganese & Iron Ores Ltd.,.NS,
Thomas Cook (India) Ltd.,THOMASCOOK.NS,THOMASCOOK
Best Agrolife Ltd.,BESTAGRO.NS,BESTAGRO
Gujarat Mineral Development Corporation Ltd.,GMDCLTD.NS,GMDCLTD
Kolte-Patil Developers Ltd.,KOLTEPATIL.NS,KOLTEPATIL
Acrysil Ltd.,ACRYSIL.NS,ACRYSIL
Pokarna Ltd.,POKARNA.NS,POKARNA
Jai Corp Ltd.,JAICORPLTD.NS,JAICORPLTD
Goodyear India Ltd.,GOODYEAR.NS,GOODYEAR
Anant Raj Ltd.,ANANTRAJ.NS,ANANTRAJ
Himatsingka Seide Ltd.,HIMATSEIDE.NS,HIMATSEIDE
JTEKT India Ltd.,JTEKTINDIA.NS,JTEKTINDIA
Automotive Axles Ltd.,AUTOAXLES.NS,AUTOAXLES
Ramco Industries Ltd.,RAMCOIND.NS,RAMCOIND
Confidence Petroleum India Ltd.,CONFIPET.NS,CONFIPET
Mrs. Bectors Food Specialities Ltd.,BECTORFOOD.NS,BECTORFOOD
Vesuvius India Ltd.,VESUVIUS.NS,VESUVIUS
Gulf Oil Lubricants India Ltd.,GULFOILLUB.NS,GULFOILLUB
Filatex India Ltd.,FILATEX.NS,FILATEX
Eveready Industries India Ltd.,EVEREADY.NS,EVEREADY
Hester Biosciences Ltd.,HESTERBIO.NS,HESTERBIO
Elecon Engineering Company Ltd.,ELECON.NS,ELECON
Fairchem Organics Ltd.,FAIRCHEMOR.NS,FAIRCHEMOR
Wardwizard Innovations & Mobility Ltd.,.NS,
SH Kelkar And Company Ltd.,SHK.NS,SHK
IG Petrochemicals Ltd.,IGPL.NS,IGPL
Krsnaa Diagnostics Ltd.,KRSNAA.NS,KRSNAA
Apollo Pipes Ltd.,APOLLOPIPE.NS,APOLLOPIPE
Jain Irrigation Systems Ltd.,JISLJALEQS.NS,JISLJALEQS
Butterfly Gandhimathi Appliances Ltd.,BUTTERFLY.NS,BUTTERFLY
Media Matrix Worldwide Ltd,MMWL.NS,MMWL
Pilani Investment And Industries Corporation Ltd.,PILANIINVS.NS,PILANIINVS
Astra Microwave Products Ltd.,ASTRAMICRO.NS,ASTRAMICRO
Prime Focus Ltd.,PFOCUS.NS,PFOCUS
Rajratan Global Wire Ltd.,RAJRATAN.NS,RAJRATAN
Gabriel India Ltd.,GABRIEL.NS,GABRIEL
Voltamp Transformers Ltd.,VOLTAMP.NS,VOLTAMP
Gokaldas Exports Ltd.,GOKEX.NS,GOKEX
Matrimony.Com Ltd.,MATRIMONY.NS,MATRIMONY
Navneet Education Ltd.,NAVNETEDUL.NS,NAVNETEDUL
Sasken Technologies Ltd.,SASKEN.NS,SASKEN
Dhampur Sugar Mills Ltd.,DHAMPURSUG.NS,DHAMPURSUG
LG Balakrishnan & Bros Ltd.,LGBBROSLTD.NS,LGBBROSLTD
Den Networks Ltd.,DEN.NS,DEN
Siyaram Silk Mills Ltd.,SIYSIL.NS,SIYSIL
Neuland Laboratories Ltd.,NEULANDLAB.NS,NEULANDLAB
Technocraft Industries (India) Ltd.,TIIL.NS,TIIL
Gravita India Ltd.,GRAVITA.NS,GRAVITA
Balmer Lawrie & Company Ltd.,BALMLAWRIE.NS,BALMLAWRIE
Swaraj Engines Ltd.,SWARAJENG.NS,SWARAJENG
Safari Industries (India) Ltd.,SAFARI.NS,SAFARI
BLS International Services Ltd.,BLS.NS,BLS
Prataap Snacks Ltd.,DIAMONDYD.NS,DIAMONDYD
VA Tech Wabag Ltd.,WABAG.NS,WABAG
Bajaj Hindusthan Sugar Ltd.,BAJAJHIND.NS,BAJAJHIND
Novartis India Ltd.,NOVARTIND.NS,NOVARTIND
RPSG Ventures Ltd.,RPSGVENT.NS,RPSGVENT
Shriram Pistons & Rings Ltd,SHRIPISTON.NS,SHRIPISTON
The Karnataka Bank Ltd.,KTKBANK.NS,KTKBANK
Garware Hi-Tech Films Ltd.,GARWARPOLY.NS,GARWARPOLY
Vidhi Specialty Food Ingredients Ltd.,VIDHIING.NS,VIDHIING
Kiri Industries Ltd.,KIRIINDUS.NS,KIRIINDUS
The Andhra Sugars Ltd.,ANDHRSUGAR.NS,ANDHRSUGAR
Sportking India Ltd.,.NS,
Manali Petrochemicals Ltd.,MANALIPETC.NS,MANALIPETC
The South Indian Bank Ltd.,SOUTHBANK.NS,SOUTHBANK
Heritage Foods Ltd.,HERITGFOOD.NS,HERITGFOOD
Max Ventures And Industries Ltd.,MAXVIL.NS,MAXVIL
Apcotex Industries Ltd.,APCOTEXIND.NS,APCOTEXIND
Thangamayil Jewellery Ltd.,THANGAMAYL.NS,THANGAMAYL
Nahar Spinning Mills Ltd.,NAHARSPING.NS,NAHARSPING
Himadri Speciality Chemical Ltd.,HSCL.NS,HSCL
Kovai Medical Center & Hospital Ltd.,KOVAI.NS,KOVAI
Stylam Industries Ltd.,STYLAMIND.NS,STYLAMIND
Expleo Solutions Ltd.,EXPLEOSOL.NS,EXPLEOSOL
MM Forgings Ltd.,MMFL.NS,MMFL
Care Ratings Ltd.,CARERATING.NS,CARERATING
Mukand Ltd.,MUKANDLTD.NS,MUKANDLTD
Goldiam International Ltd.,GOLDIAM.NS,GOLDIAM
India Power Corporation Ltd.,DPSCLTD.NS,DPSCLTD
HBL Power Systems Ltd.,HBLPOWER.NS,HBLPOWER
Datamatics Global Services Ltd.,DATAMATICS.NS,DATAMATICS
Renaissance Global Ltd.,RGL.NS,RGL
Genus Power Infrastructures Ltd.,GENUSPOWER.NS,GENUSPOWER
Ashiana Housing Ltd.,ASHIANA.NS,ASHIANA
Geojit Financial Services Ltd.,GEOJITFSL.NS,GEOJITFSL
Zen Technologies Ltd.,ZENTEC.NS,ZENTEC
Sundaram Finance Holdings Ltd.,SUNDARMHLD.NS,SUNDARMHLD
NACL Industries Ltd.,NACLIND.NS,NACLIND
Unichem Laboratories Ltd.,UNICHEMLAB.NS,UNICHEMLAB
PSP Projects Ltd.,PSPPROJECT.NS,PSPPROJECT
Punjab Chemicals & Crop Protection Ltd.,PUNJABCHEM.NS,PUNJABCHEM
NGL Fine-Chem Ltd.,.NS,
Force Motors Ltd.,FORCEMOT.NS,FORCEMOT
Repco Home Finance Ltd.,REPCOHOME.NS,REPCOHOME
Shaily Engineering Plastics Ltd.,.NS,
GE Power India Ltd.,GEPIL.NS,GEPIL
PG Electroplast Ltd.,PGEL.NS,PGEL
Kingfa Science & Technology (India) Ltd.,KINGFA.NS,KINGFA
Time Technoplast Ltd.,TIMETECHNO.NS,TIMETECHNO
Huhtamaki India Ltd.,HUHTAMAKI.NS,HUHTAMAKI
Nelco Ltd.,NELCO.NS,NELCO
Manorama Industries Ltd.,.NS,
Nava Bharat Ventures Ltd.,NBVENTURES.NS,NBVENTURES
D.B. Corp Ltd.,DBCORP.NS,DBCORP
Orchid Pharma Ltd.,ORCHPHARMA.NS,ORCHPHARMA
Shivalik Rasayan Ltd.,SHIVALIK.NS,SHIVALIK
Ujjivan Financial Services Ltd.,UJJIVAN.NS,UJJIVAN
KCP Ltd.,KCP.NS,KCP
Jagran Prakashan Ltd.,JAGRAN.NS,JAGRAN
3I Infotech Ltd.,3IINFOLTD.NS,3IINFOLTD
Nucleus Software Exports Ltd.,NUCLEUS.NS,NUCLEUS
ADF Foods Ltd.,ADFFOODS.NS,ADFFOODS
TVS Srichakra Ltd.,TVSSRICHAK.NS,TVSSRICHAK
NRB Bearings Ltd.,NRBBEARING.NS,NRBBEARING
JSW Ispat Special Products Ltd.,JSWISPL.NS,JSWISPL
Suryoday Small Finance Bank Ltd.,SURYODAY.NS,SURYODAY
JMC Projects (India) Ltd.,JMCPROJECT.NS,JMCPROJECT
Steel Exchange India Ltd.,STEELXIND.NS,STEELXIND
West Coast Paper Mills Ltd.,WSTCSTPAPR.NS,WSTCSTPAPR
Lloyds Steels Industries Ltd.,LSIL.NS,LSIL
Panama Petrochem Ltd.,PANAMAPET.NS,PANAMAPET
Cigniti Technologies Ltd.,CIGNITITEC.NS,CIGNITITEC
Fineotex Chemical Ltd.,FCL.NS,FCL
GOCL Corporation Ltd.,GOCLCORP.NS,GOCLCORP
Mirza International Ltd.,MIRZAINT.NS,MIRZAINT
Chennai Petroleum Corporation Ltd.,CHENNPETRO.NS,CHENNPETRO
Kopran Ltd.,KOPRAN.NS,KOPRAN
Igarashi Motors India Ltd.,IGARASHI.NS,IGARASHI
Camlin Fine Sciences Ltd.,CAMLINFINE.NS,CAMLINFINE
Fiem Industries Ltd.,FIEMIND.NS,FIEMIND
Savita Oil Technologies Ltd.,SOTL.NS,SOTL
Indo Rama Synthetics (India) Ltd.,INDORAMA.NS,INDORAMA
Accelya Solutions India Ltd.,ACCELYA.NS,ACCELYA
Aptech Ltd.,APTECHT.NS,APTECHT
Kesoram Industries Ltd.,KESORAMIND.NS,KESORAMIND
Electrosteel Castings Ltd.,ELECTCAST.NS,ELECTCAST
Sastasundar Ventures Ltd.,SASTASUNDR.NS,SASTASUNDR
Sandhar Technologies Ltd.,SANDHAR.NS,SANDHAR
Ramco Systems Ltd.,RAMCOSYS.NS,RAMCOSYS
Dolat Algotech Ltd.,DOLATALGO.NS,DOLATALGO
Moschip Technologies Ltd.,.NS,
Wheels India Ltd.,WHEELS.NS,WHEELS
Shalby Ltd.,SHALBY.NS,SHALBY
Gallantt Ispat Ltd.,GALLISPAT.NS,GALLISPAT
GNA Axles Ltd.,GNA.NS,GNA
Ramky Infrastructure Ltd.,RAMKY.NS,RAMKY
Kirloskar Industries Ltd.,KIRLOSIND.NS,KIRLOSIND
Shivalik Bimetal Controls Ltd.,SBCL.NS,SBCL
Kabra Extrusiontechnik Ltd.,KABRAEXTRU.NS,KABRAEXTRU
Kewal Kiran Clothing Ltd.,KKCL.NS,KKCL
Shriram Properties Ltd.,SHRIRAMPPS.NS,SHRIRAMPPS
BF Utilities Ltd.,BFUTILITIE.NS,BFUTILITIE
Nitin Spinners Ltd.,NITINSPIN.NS,NITINSPIN
TARC Ltd.,TARC.NS,TARC
Future Consumer Ltd.,FCONSUMER.NS,FCONSUMER
DFM Foods Ltd.,DFMFOODS.NS,DFMFOODS
Asian Star Company Ltd.,.NS,
Kalyani Steels Ltd.,KSL.NS,KSL
GM Breweries Ltd.,GMBREW.NS,GMBREW
Nureca Ltd.,NURECA.NS,NURECA
The Orissa Minerals Development Company Ltd.,ORISSAMINE.NS,ORISSAMINE
Patel Engineering Ltd.,PATELENG.NS,PATELENG
SIRCA Paints India Ltd.,SIRCA.NS,SIRCA
Welspun Enterprises Ltd.,WELENT.NS,WELENT
Ugro Capital Ltd.,UGROCAP.NS,UGROCAP
Sanghi Industries Ltd.,SANGHIIND.NS,SANGHIIND
Pricol Ltd.,PRICOLLTD.NS,PRICOLLTD
HSIL Ltd.,HSIL.NS,HSIL
Centrum Capital Ltd.,CENTRUM.NS,CENTRUM
Tilaknagar Industries Ltd.,TI.NS,TI
Power Mech Projects Ltd.,POWERMECH.NS,POWERMECH
Bodal Chemicals Ltd.,BODALCHEM.NS,BODALCHEM
Sutlej Textiles And Industries Ltd.,SUTLEJTEX.NS,SUTLEJTEX
ITD Cementation India Ltd.,ITDCEM.NS,ITDCEM
Dwarikesh Sugar Industries Ltd.,DWARKESH.NS,DWARKESH
Dynamatic Technologies Ltd.,DYNAMATECH.NS,DYNAMATECH
Quick Heal Technologies Ltd.,QUICKHEAL.NS,QUICKHEAL
Alicon Castalloy Ltd.,ALICON.NS,ALICON
Honda India Power Products Ltd.,HONDAPOWER.NS,HONDAPOWER
Chemcon Speciality Chemicals Ltd.,CHEMCON.NS,CHEMCON
Insecticides (India) Ltd.,INSECTICID.NS,INSECTICID
Sangam (India) Ltd.,SANGAMIND.NS,SANGAMIND
Precision Camshafts Ltd.,PRECAM.NS,PRECAM
Omaxe Ltd.,OMAXE.NS,OMAXE
Reliance Industrial Infrastructure Ltd.,RIIL.NS,RIIL
Andrew Yule & Company Ltd.,ANDREWYU.NS,ANDREWYU
JTL Infra Ltd.,JTLINFRA.NS,JTLINFRA
Grauer & Weil (India) Ltd.,GRAUWEIL.NS,GRAUWEIL
Orient Green Power Company Ltd.,GREENPOWER.NS,GREENPOWER
Kitex Garments Ltd.,KITEX.NS,KITEX
Vindhya Telelinks Ltd.,VINDHYATEL.NS,VINDHYATEL
PTC India Financial Services Ltd.,PFS.NS,PFS
Banco Products (India) Ltd.,BANCOINDIA.NS,BANCOINDIA
TD Power Systems Ltd.,TDPOWERSYS.NS,TDPOWERSYS
Gulshan Polyols Ltd.,GULPOLY.NS,GULPOLY
Cantabil Retail India Ltd.,CANTABIL.NS,CANTABIL
Sunflag Iron And Steel Company Ltd.,SUNFLAG.NS,SUNFLAG
NXTDigital Ltd.,NXTDIGITAL.NS,NXTDIGITAL
BF Investment Ltd.,BFINVEST.NS,BFINVEST
J Kumar Infraprojects Ltd.,JKIL.NS,JKIL
Yasho Industries Ltd.,.NS,
Monte Carlo Fashions Ltd.,MONTECARLO.NS,MONTECARLO
Panacea Biotec Ltd.,PANACEABIO.NS,PANACEABIO
Sigachi Industries Ltd.,SIGACHI.NS,SIGACHI
Gujarat Industries Power Company Ltd.,GIPCL.NS,GIPCL
5Paisa Capital Ltd.,5PAISA.NS,5PAISA
Thejo Engineering Ltd.,THEJO.NS,THEJO
PNB Gilts Ltd.,PNBGILTS.NS,PNBGILTS
Shankara Building Products Ltd.,SHANKARA.NS,SHANKARA
PC Jeweller Ltd.,PCJEWELLER.NS,PCJEWELLER
AVT Natural Products Ltd.,AVTNPL.NS,AVTNPL
Wonderla Holidays Ltd.,WONDERLA.NS,WONDERLA
Transpek Industry Ltd.,TRANSPEK.NS,TRANSPEK
Punjab Alkalies & Chemicals Ltd.,PUNALKALI.NS,PUNALKALI
Medicamen Biotech Ltd.,MEDICAMEQ.NS,MEDICAMEQ
Federal-Mogul Goetze (India) Ltd.,FMGOETZE.NS,FMGOETZE
Southern Petrochemical Industries Corporation Ltd.,SPIC.NS,SPIC
Capacit'e Infraprojects Ltd.,CAPACITE.NS,CAPACITE
Xchanging Solutions Ltd.,XCHANGING.NS,XCHANGING
Pix Transmissions Ltd.,.NS,
Equippp Social Impact Technologies Ltd.,EQUIPPP.NS,EQUIPPP
Suven Life Sciences Ltd.,SUVEN.NS,SUVEN
Jyoti Structures Ltd.,JYOTISTRUC.NS,JYOTISTRUC
Bliss GVS Pharma Ltd.,BLISSGVS.NS,BLISSGVS
MPS Ltd.,MPSLTD.NS,MPSLTD
Polo Queen Industrial & Fintech Ltd.,.NS,
Lumax Industries Ltd.,LUMAXIND.NS,LUMAXIND
Shanthi Gears Ltd.,SHANTIGEAR.NS,SHANTIGEAR
Xpro India Ltd.,XPROINDIA.NS,XPROINDIA
Udaipur Cement Works Ltd.,UDAICEMENT.NS,UDAICEMENT
Excel Industries Ltd.,EXCELINDUS.NS,EXCELINDUS
National Peroxide Ltd.,NATPEROXID.NS,NATPEROXID
Parsvnath Developers Ltd.,PARSVNATH.NS,PARSVNATH
Digispice Technologies Ltd.,DIGISPICE.NS,DIGISPICE
SJS Enterprises Ltd.,SJS.NS,SJS
Onmobile Global Ltd.,ONMOBILE.NS,ONMOBILE
Ganesha Ecosphere Ltd.,GANECOS.NS,GANECOS
SMS Pharmaceuticals Ltd.,SMSPHARMA.NS,SMSPHARMA
Clariant Chemicals (India) Ltd.,CLNINDIA.NS,CLNINDIA
Bhageria Industries Ltd.,BHAGERIA.NS,BHAGERIA
Lumax Auto Technologies Ltd.,LUMAXTECH.NS,LUMAXTECH
Shakti Pumps (India) Ltd.,SHAKTIPUMP.NS,SHAKTIPUMP
Ambika Cotton Mills Ltd.,AMBIKCO.NS,AMBIKCO
DB Realty Ltd.,DBREALTY.NS,DBREALTY
Ritesh Properties & Industries Ltd.,.NS,
RSWM Ltd.,RSWM.NS,RSWM
IFGL Refractories Ltd.,IFGLEXPOR.NS,IFGLEXPOR
Bajaj Healthcare Ltd.,BAJAJHCARE.NS,BAJAJHCARE
Titagarh Wagons Ltd.,TWL.NS,TWL
Bharat Bijlee Ltd.,BBL.NS,BBL
S.P. Apparels Ltd.,SPAL.NS,SPAL
EIH Associated Hotels Ltd.,EIHAHOTELS.NS,EIHAHOTELS
Reliance Communications Ltd.,RCOM.NS,RCOM
Ester Industries Ltd.,ESTER.NS,ESTER
Saksoft Ltd.,SAKSOFT.NS,SAKSOFT
KDDL Ltd.,KDDL.NS,KDDL
Parag Milk Foods Ltd.,PARAGMILK.NS,PARAGMILK
DCW Ltd.,DCW.NS,DCW
Ganesh Housing Corporation Ltd.,GANESHHOUC.NS,GANESHHOUC
KMC Speciality Hospitals (India) Ltd.,.NS,
Elpro International Ltd.,ELPROINTL.NS,ELPROINTL
Urja Global Ltd.,URJA.NS,URJA
Ultramarine & Pigments Ltd.,ULTRMARINE.NS,ULTRMARINE
Black Rose Industries Ltd.,.NS,
Shree Digvijay Cement Company Ltd.,SHREDIGCEM.NS,SHREDIGCEM
Future Lifestyle Fashions Ltd.,FLFL.NS,FLFL
Visaka Industries Ltd.,VISAKAIND.NS,VISAKAIND
Andhra Petrochemicals Ltd.,ANDHRAPET.NS,ANDHRAPET
Mangalam Cement Ltd.,MANGLMCEM.NS,MANGLMCEM
Cerebra Integrated Technologies Ltd.,CEREBRAINT.NS,CEREBRAINT
Jet Airways (India) Ltd.,JETAIRWAYS.NS,JETAIRWAYS
Ajmera Realty & Infra India Ltd.,AJMERA.NS,AJMERA
KBC Global Ltd.,KBCGLOBAL.NS,KBCGLOBAL
Vardhman Special Steels Ltd.,VSSL.NS,VSSL
The Anup Engineering Ltd.,ANUP.NS,ANUP
Vishnu Chemicals Ltd.,VISHNU.NS,VISHNU
63 Moons Technologies Ltd.,63MOONS.NS,63MOONS
Zota Health Care Ltd.,ZOTA.NS,ZOTA
Wendt (India) Ltd.,WENDT.NS,WENDT
Infobeans Technologies Ltd.,INFOBEAN.NS,INFOBEAN
Texmaco Rail & Engineering Ltd.,TEXRAIL.NS,TEXRAIL
Uniphos Enterprises Ltd.,UNIENTER.NS,UNIENTER
TTK Healthcare Ltd.,TTKHLTCARE.NS,TTKHLTCARE
RPG Life Sciences Ltd.,RPGLIFE.NS,RPGLIFE
ISMT Ltd.,ISMTLTD.NS,ISMTLTD
India Motor Parts & Accessories Ltd.,IMPAL.NS,IMPAL
Prakash Industries Ltd.,PRAKASH.NS,PRAKASH
Jubilant Industries Ltd.,JUBLINDS.NS,JUBLINDS
NCL Industries Ltd.,NCLIND.NS,NCLIND
Sintex Industries Ltd.,SINTEX.NS,SINTEX
Balu Forge Industries Ltd.,.NS,
Century Enka Ltd.,CENTENKA.NS,CENTENKA
Vardhman Holdings Ltd.,VHL.NS,VHL
Dhanvarsha Finvest Ltd.,.NS,
Shree Global Tradefin Ltd.,.NS,
Seshasayee Paper and Boards Ltd.,SESHAPAPER.NS,SESHAPAPER
Welspun Specialty Solutions Ltd.,REMIMETAL.NS,REMIMETAL
Oriental Carbon & Chemicals Ltd.,OCCL.NS,OCCL
Avadh Sugar & Energy Ltd.,AVADHSUGAR.NS,AVADHSUGAR
WPIL Ltd.,.NS,
Tamilnadu Petroproducts Ltd.,TNPETRO.NS,TNPETRO
Genesys International Corporation Ltd.,GENESYS.NS,GENESYS
Sanghvi Movers Ltd.,SANGHVIMOV.NS,SANGHVIMOV
Capital India Finance Ltd.,.NS,
SVP Global Textiles Ltd.,SVPGLOB.NS,SVPGLOB
D.P. Abhushan Ltd.,DPABHUSHAN.NS,DPABHUSHAN
Ador Welding Ltd.,ADORWELD.NS,ADORWELD
SML Isuzu Ltd.,SMLISUZU.NS,SMLISUZU
Spencer's Retail Ltd.,SPENCERS.NS,SPENCERS
Goodluck India Ltd.,GOODLUCK.NS,GOODLUCK
Coffee Day Enterprises Ltd.,COFFEEDAY.NS,COFFEEDAY
Apex Frozen Foods Ltd.,APEX.NS,APEX
Srikalahasthi Pipes Ltd.,SRIPIPES.NS,SRIPIPES
Foseco India Ltd.,FOSECOIND.NS,FOSECOIND
Mishtann Foods Ltd.,.NS,
Indian Hume Pipe Company Ltd.,INDIANHUME.NS,INDIANHUME
Automotive Stampings and Assemblies Ltd.,ASAL.NS,ASAL
Saint-Gobain Sekurit India Ltd.,.NS,
Associated Alcohols & Breweries Ltd.,ASALCBR.NS,ASALCBR
Gokul Agro Resources Ltd.,GOKULAGRO.NS,GOKULAGRO
Texmaco Infrastructure & Holdings Ltd.,TEXINFRA.NS,TEXINFRA
Dredging Corporation Of India Ltd.,DREDGECORP.NS,DREDGECORP
Ashapura Minechem Ltd.,ASHAPURMIN.NS,ASHAPURMIN
Allsec Technologies Ltd.,ALLSEC.NS,ALLSEC
Vimta Labs Ltd.,VIMTALABS.NS,VIMTALABS
Balmer Lawrie Investments Ltd.,.NS,
Sadhana Nitro Chem Ltd.,.NS,
Satia Industries Ltd.,SATIA.NS,SATIA
Andhra Paper Ltd.,ANDHRAPAP.NS,ANDHRAPAP
BMW Industries Ltd.,.NS,
Sintex Plastics Technology Ltd.,SPTL.NS,SPTL
Timex Group India Ltd.,TIMEXWATCH.NS,TIMEXWATCH
Cheviot Company Ltd.,.NS,
Arshiya Ltd.,ARSHIYA.NS,ARSHIYA
Arvind Smartspaces Ltd.,ARVSMART.NS,ARVSMART
Syncom Formulations (India) Ltd.,.NS,
Kwality Pharmaceuticals Ltd.,.NS,
Everest Industries Ltd.,EVERESTIND.NS,EVERESTIND
Themis Medicare Ltd.,THEMISMED.NS,THEMISMED
Rajapalayam Mills Ltd.,RAJPALAYAM.NS,RAJPALAYAM
Shriram EPC Ltd.,SHRIRAMEPC.NS,SHRIRAMEPC
United Drilling Tools Ltd.,UNIDT.NS,UNIDT
Mangalam Organics Ltd.,MANORG.NS,MANORG
Rane Holdings Ltd.,RANEHOLDIN.NS,RANEHOLDIN
Precision Wires India Ltd.,PRECWIRE.NS,PRECWIRE
Inox Wind Energy Ltd.,IWEL.NS,IWEL
Suumaya Industries Ltd.,SUULD.NS,SUULD
Emami Paper Mills Ltd.,EMAMIPAP.NS,EMAMIPAP
Oswal Greentech Ltd.,BINDALAGRO.NS,BINDALAGRO
Asian Granito India Ltd.,ASIANTILES.NS,ASIANTILES
Tamil Nadu Newsprint & Papers Ltd.,TNPL.NS,TNPL
FCS Software Solutions Ltd.,FCSSOFT.NS,FCSSOFT
Antony Waste Handling Cell Ltd.,AWHCL.NS,AWHCL
Eldeco Housing & Industries Ltd.,.NS,
Unitech Ltd.,UNITECH.NS,UNITECH
Rushil Decor Ltd.,RUSHIL.NS,RUSHIL
SMC Global Securities Ltd.,SMCGLOBAL.NS,SMCGLOBAL
Bhagiradha Chemicals & Industries Ltd.,BHAGCHEM.NS,BHAGCHEM
Fermenta Biotech Ltd.,.NS,
Zee Media Corporation Ltd.,ZEEMEDIA.NS,ZEEMEDIA
India Nippon Electricals Ltd.,INDNIPPON.NS,INDNIPPON
Globus Power Generation Ltd.,.NS,
Yaari Digital Integrated Services Ltd.,YAARI.NS,YAARI
Disa India Ltd.,GEORGFISCH.NS,GEORGFISCH
Shri Jagdamba Polymers Ltd.,.NS,
Music Broadcast Ltd.,RADIOCITY.NS,RADIOCITY
Mangalore Chemicals & Fertilizers Ltd.,MANGCHEFER.NS,MANGCHEFER
Dhunseri Ventures Ltd.,DVL.NS,DVL
BCL Industries Ltd.,BCLIND.NS,BCLIND
Entertainment Network (India) Ltd.,ENIL.NS,ENIL
Mac Charles (India) Ltd.,.NS,
Deccan Cements Ltd.,DECCANCE.NS,DECCANCE
Nalwa Sons Investments Ltd.,NSIL.NS,NSIL
Taj GVK Hotels & Resorts Ltd.,TAJGVK.NS,TAJGVK
GFL Ltd.,GFLLIMITED.NS,GFLLIMITED
Indo Amines Ltd.,.NS,
DCM Shriram Industries Ltd.,DCMSRIND.NS,DCMSRIND
GIC Housing Finance Ltd.,GICHSGFIN.NS,GICHSGFIN
Aditya Vision Ltd.,.NS,
Quint Digital Media Ltd.,.NS,
Jay Bharat Maruti Ltd.,JAYBARMARU.NS,JAYBARMARU
Kalyani Investment Company Ltd.,KICL.NS,KICL
Universus Photo Imagings Ltd.,UNIVPHOTO.NS,UNIVPHOTO
Raghav Productivity Enhancers Ltd.,.NS,
Hexa Tradex Ltd.,HEXATRADEX.NS,HEXATRADEX
Anjani Portland Cement Ltd.,APCL.NS,APCL
Dharamsi Morarji Chemical Company Ltd.,DHARAMSI.NS,DHARAMSI
Pearl Global Industries Ltd.,PGIL.NS,PGIL
New Delhi Television Ltd.,NDTV.NS,NDTV
Aarti Surfactants Ltd.,AARTISURF.NS,AARTISURF
Deep Polymers Ltd.,.NS,
Skipper Ltd.,SKIPPER.NS,SKIPPER
Indian Infotech & Software Ltd.,.NS,
Pitti Engineering Ltd.,PITTIENG.NS,PITTIENG
Arman Financial Services Ltd.,ARMANFIN.NS,ARMANFIN
Dynemic Products Ltd.,DYNPRO.NS,DYNPRO
Nahar Poly Films Ltd.,NAHARPOLY.NS,NAHARPOLY
Centum Electronics Ltd.,CENTUM.NS,CENTUM
VLS Finance Ltd.,VLSFINANCE.NS,VLSFINANCE
Gujarat Themis Biosyn Ltd.,GUJTHEMIS.NS,GUJTHEMIS
Uttam Sugar Mills Ltd.,UTTAMSUGAR.NS,UTTAMSUGAR
Lincoln Pharmaceuticals Ltd.,LINCOLN.NS,LINCOLN
Salasar Techno Engineering Ltd.,SALASAR.NS,SALASAR
Radhe Developers (India) Ltd.,.NS,
Nelcast Ltd.,NELCAST.NS,NELCAST
Vijay Solvex Ltd.,.NS,
Yuken India Ltd.,YUKEN.NS,YUKEN
Beekay Steel Industries Ltd.,.NS,
Arihant Superstructures Ltd.,ARIHANTSUP.NS,ARIHANTSUP
Snowman Logistics Ltd.,SNOWMAN.NS,SNOWMAN
RACL Geartech Ltd.,.NS,
Faze Three Ltd.,FAZETHREE.NS,FAZETHREE
Indraprastha Medical Corporation Ltd.,INDRAMEDCO.NS,INDRAMEDCO
Seacoast Shipping Services Ltd.,.NS,
Kuantum Papers Ltd.,KUANTUM.NS,KUANTUM
Summit Securities Ltd.,SUMMITSEC.NS,SUMMITSEC
Oriental Hotels Ltd.,ORIENTHOT.NS,ORIENTHOT
Niyogin Fintech Ltd.,.NS,
Shiva Cement Ltd.,.NS,
Mirc Electronics Ltd.,MIRCELECTR.NS,MIRCELECTR
Sadbhav Engineering Ltd.,SADBHAV.NS,SADBHAV
Nagarjuna Fertilizers and Chemicals Ltd.,NAGAFERT.NS,NAGAFERT
KSE Ltd.,KSE.NS,KSE
Take Solutions Ltd.,TAKE.NS,TAKE
Ravindra Energy Ltd.,.NS,
B.L. Kashyap and Sons Ltd.,BLKASHYAP.NS,BLKASHYAP
HLV Ltd.,HLVLTD.NS,HLVLTD
Orient Paper & Industries Ltd.,ORIENTPPR.NS,ORIENTPPR
Likhitha Infrastructure Ltd.,LIKHITHA.NS,LIKHITHA
Repro India Ltd.,REPRO.NS,REPRO
Amines & Plasticizers Ltd.,.NS,
Lyka Labs Ltd.,LYKALABS.NS,LYKALABS
ASM Technologies Ltd.,.NS,
Vadilal Industries Ltd.,VADILALIND.NS,VADILALIND
Ganesh Benzoplast Ltd.,GANESHBE.NS,GANESHBE
Kriti Industries (India) Ltd.,KRITI.NS,KRITI
HCL Infosystems Ltd.,HCL-INSYS.NS,HCL-INSYS
HP Adhesives Ltd.,HPAL.NS,HPAL
Onward Technologies Ltd.,ONWARDTEC.NS,ONWARDTEC
Rane Brake Lining Ltd.,RBL.NS,RBL
Shree Pushkar Chemicals & Fertilisers Ltd.,SHREEPUSHK.NS,SHREEPUSHK
Exxaro Tiles Ltd.,EXXARO.NS,EXXARO
Balaji Telefilms Ltd.,BALAJITELE.NS,BALAJITELE
Hi-Tech Pipes Ltd.,HITECH.NS,HITECH
Kanoria Chemicals & Industries Ltd.,KANORICHEM.NS,KANORICHEM
The State Trading Corporation Of India Ltd.,STCINDIA.NS,STCINDIA
Jayant Agro-Organics Ltd.,JAYAGROGN.NS,JAYAGROGN
Delphi World Money Ltd.,DELPHIFX.NS,DELPHIFX
Gallantt Metal Ltd.,GALLANTT.NS,GALLANTT
Sterling Tools Ltd.,STERTOOLS.NS,STERTOOLS
Vintage Coffee & Beverages Ltd.,.NS,
Loyal Textile Mills Ltd.,.NS,
Aurionpro Solutions Ltd.,AURIONPRO.NS,AURIONPRO
Waaree Renewable Technologies Ltd.,.NS,
Enkei Wheels (India) Ltd.,.NS,
Nahar Capital And Financial Services Ltd.,NAHARCAP.NS,NAHARCAP
Navkar Corporation Ltd.,NAVKARCORP.NS,NAVKARCORP
Automobile Corporation of Goa Ltd.,AUTOCORP.NS,AUTOCORP
Jai Balaji Industries Ltd.,JAIBALAJI.NS,JAIBALAJI
Khaitan Chemicals & Fertilizers Ltd.,KHAICHEM.NS,KHAICHEM
Kellton Tech Solutions Ltd.,KELLTONTEC.NS,KELLTONTEC
HT Media Ltd.,HTMEDIA.NS,HTMEDIA
Kokuyo Camlin Ltd.,KOKUYOCMLN.NS,KOKUYOCMLN
Lancer Containers Lines Ltd.,.NS,
Orissa Bengal Carrier Ltd.,.NS,
Oriental Rail Infrastructure Ltd.,.NS,
Steelcast Ltd.,STEELCAS.NS,STEELCAS
Satin Creditcare Network Ltd.,SATIN.NS,SATIN
Choice International Ltd.,.NS,
D-Link (India) Ltd.,DLINKINDIA.NS,DLINKINDIA
Oricon Enterprises Ltd.,ORICONENT.NS,ORICONENT
Allied Digital Services Ltd.,ADSL.NS,ADSL
Shalimar Paints Ltd.,SHALPAINTS.NS,SHALPAINTS
Nectar Lifesciences Ltd.,NECLIFE.NS,NECLIFE
Vishal Fabrics Ltd.,VISHAL.NS,VISHAL
Hindusthan Urban Infrastructure Ltd.,.NS,
Wim Plast Ltd.,WIMPLAST.NS,WIMPLAST
KPI Global Infrastructure Ltd.,KPIGLOBAL.NS,KPIGLOBAL
Rico Auto Industries Ltd.,RICOAUTO.NS,RICOAUTO
Plastiblends India Ltd.,PLASTIBLEN.NS,PLASTIBLEN
IFB Agro Industries Ltd.,IFBAGRO.NS,IFBAGRO
IST Ltd.,.NS,
TAAL Enterprises Ltd.,.NS,
Muthoot Capital Services Ltd.,MUTHOOTCAP.NS,MUTHOOTCAP
XT Global Infotech Ltd.,.NS,
Prozone Intu Properties Ltd.,PROZONINTU.NS,PROZONINTU
Gloster Ltd.,.NS,
Windlas Biotech Ltd.,WINDLAS.NS,WINDLAS
JCT Ltd.,JCT.NS,JCT
John Cockrill India Ltd.,FLATPROD.NS,FLATPROD
Tanfac Industries Ltd.,TANFACIND.NS,TANFACIND
Sree Rayalaseema Hi-Strength Hypo Ltd.,SRHHYPOLTD.NS,SRHHYPOLTD
Axtel Industries Ltd.,.NS,
Kamdhenu Ltd.,KAMDHENU.NS,KAMDHENU
V2 Retail Ltd.,V2RETAIL.NS,V2RETAIL
The Sandesh Ltd.,SANDESH.NS,SANDESH
Control Print Ltd.,CONTROLPR.NS,CONTROLPR
HCP Plastene Bulkpack Ltd.,.NS,
Gayatri Projects Ltd.,GAYAPROJ.NS,GAYAPROJ
N.B.I. Industrial Finance Co. Ltd.,NBIFIN.NS,NBIFIN
Mangalam Industrial Finance Ltd.,.NS,
Rubfila International Ltd.,RUBFILINTL.NS,RUBFILINTL
Man Industries (India) Ltd.,MANINDS.NS,MANINDS
Kaya Ltd.,KAYA.NS,KAYA
Beta Drugs Ltd.,BETA.NS,BETA
Nandan Denim Ltd.,NDL.NS,NDL
Artemis Medicare Services Ltd.,ARTEMISMED.NS,ARTEMISMED
Universal Cables Ltd.,UNIVCABLES.NS,UNIVCABLES
Rama Phosphates Ltd.,RAMAPHOSP.NS,RAMAPHOSP
Roto Pumps Ltd.,.NS,
Xelpmoc Design And Tech Ltd.,XELPMOC.NS,XELPMOC
Hitech Corporation Ltd.,HITECHCORP.NS,HITECHCORP
Sadbhav Infrastructure Project Ltd.,SADBHIN.NS,SADBHIN
Munjal Auto Industries Ltd.,MUNJALAU.NS,MUNJALAU
Agarwal Industrial Corporation Ltd.,AGARIND.NS,AGARIND
Bannari Amman Spinning Mills Ltd.,BASML.NS,BASML
Megasoft Ltd.,MEGASOFT.NS,MEGASOFT
Sahyadri Industries Ltd.,.NS,
Sarla Performance Fibers Ltd.,SARLAPOLY.NS,SARLAPOLY
Tourism Finance Corporation Of India Ltd.,TFCILTD.NS,TFCILTD
Venus Remedies Ltd.,VENUSREM.NS,VENUSREM
Rane (Madras) Ltd.,RML.NS,RML
Vishwaraj Sugar Industries Ltd.,VISHWARAJ.NS,VISHWARAJ
Shreyas Shipping & Logistics Ltd.,SHREYAS.NS,SHREYAS
Marathon Nextgen Realty Ltd.,MARATHON.NS,MARATHON
DCM Nouvelle Ltd.,DCMNVL.NS,DCMNVL
Jash Engineering Ltd.,JASH.NS,JASH
Systematix Corporate Services Ltd.,.NS,
Vascon Engineers Ltd.,VASCONEQ.NS,VASCONEQ
The Investment Trust of India Ltd.,THEINVEST.NS,THEINVEST
Tribhovandas Bhimji Zaveri Ltd.,TBZ.NS,TBZ
Anuh Pharma Ltd.,.NS,
Krishana Phoschem Ltd.,KRISHANA.NS,KRISHANA
Rossell India Ltd.,ROSSELLIND.NS,ROSSELLIND
Marine Electricals (India) Ltd.,MARINE.NS,MARINE
TGV SRACC Ltd.,SREERAYALK.NS,SREERAYALK
Morganite Crucible (India) Ltd.,.NS,
Creative Newtech Ltd.,CREATIVE.NS,CREATIVE
Consolidated Finvest & Holdings Ltd.,CONSOFINVT.NS,CONSOFINVT
Hindustan Media Ventures Ltd.,HMVL.NS,HMVL
Finkurve Financial Services Ltd.,.NS,
Asian Energy Services Ltd.,ASIANENE.NS,ASIANENE
BGR Energy Systems Ltd.,BGRENERGY.NS,BGRENERGY
